W,R,M,K,F,L,Y,I,H,A,V,T,S,D,Q,N,P,E,G
W,0.0221849313120396,0.0096703546744788,0.012833129497426,0.053312096476009,0.040478966978583,0.0167240251429222,0.0222304388634489,0.0147216928809124,0.0382490969595267,0.0201143377229159,0.0305810745470577,0.0411843340254273,0.0299439688273273,0.0891492932108422,0.0702181518245684,0.0812082254899172,0.105054182428397,0.101368070764242,0.0259848118547171
R,0.0103984754970278,0.0242327711254586,0.0169288091242641,0.0652578287209534,0.0520606388122529,0.0167695326943315,0.0401831678944225,0.0162917034045337,0.0586137262151938,0.185397764441537,0.0395460621746921,0.0953610739782133,0.108353479905572,0.121664438692796,0.0540857248499673,0.144736767257317,0.0878523279956768,0.0472823459142752,0.0932677266133849
M,0.0132199436844051,0.0431411587360278,0.134907136152905,0.112517420859524,0.0639153559543787,0.0152677834978242,0.118524417645553,0.135635256975454,0.0336528342671862,0.283603060382832,0.0520606388122529,0.123211695440712,0.11836514121562,0.322921584800478,0.279575642083108,0.377280354958901,0.216547683381211,0.222122358428852,0.150789271594755
K,0.0108080434597116,0.153314940697972,0.0230723285645212,0.0435052191473023,0.0956341192866692,0.0546090616911744,0.106351147643562,0.0740180323672459,0.13458858329304,0.190176057339515,0.1431895105094,0.126784038226343,0.123735032281919,0.0210017349753975,0.0671008845530305,0.0251884297050542,0.0871014533974231,0.0799795216018658,0.0837794021445434
F,0.0105122443755511,0.0127876219460167,0.034198924884098,0.0200005688443926,0.00964760089877414,0.0114906567308513,0.104963167325578,0.425290821695725,0.390022469353508,0.230268210131119,0.200597286612247,0.381853863875537,0.0116726869364885,0.489934298472653,0.545499018743423,0.383605904604795,0.1441679228647,0.60852697744532,0.718131915014648
L,0.0359964731647658,0.0870559458460138,0.0397963537074433,0.0951562899968714,0.144122415313291,0.02282203703177,0.384516055632982,0.0711738104041639,0.264012059501123,0.243579168918342,0.420193975937882,0.612099320230951,0.467681105833499,0.423607042293581,0.261304360192269,0.338689951363804,0.626411445149179,0.443653118689383,0.460763958019284
Y,0.0141983560397053,0.0324013766034301,0.130947979180295,0.156955544810717,0.115634688131062,0.0233226200972724,0.218777553400267,0.272226172530504,0.272135157427686,0.278870275036264,0.284831764270884,0.187877925993345,0.057612560084189,0.200665547939361,0.322489263062089,0.381216758155807,0.124645183310106,0.317301402201428,0.41871498051708
I,0.0515828095224551,0.0136067578713843,0.165624733354191,0.208788645865923,0.139708182826588,0.0129241446002446,0.204988765323246,0.251292698882221,0.34628971244916,0.0820728689666942,0.484746437611991,0.29932591939475,0.485952387724338,0.307904092835405,0.272635740493188,0.481879461873205,0.568412070878011,0.488705594584601,0.594328621405614
H,0.0184760658721807,0.115680195682471,0.0106260132540743,0.249904718564237,0.0101254301885719,0.404948946215763,0.0697630763104753,0.0776813902556956,0.350362638300293,0.328814812707984,0.147535481668989,0.410955943001792,0.408362012571461,0.441992093062943,0.399965869336443,0.426405756705253,0.403742996103416,0.483790779032396,0.434415085753292
A,0.0127421143946074,0.00953383202025086,0.0600927216359965,0.219596689325635,0.0251884297050542,0.0122642851048096,0.384038226343184,0.0797747376205239,0.198390170368896,0.019113171591911,0.310156716630166,0.433823487584971,0.41769106061037,0.26722034187548,0.327745385249865,0.126078671179499,0.567251628317074,0.340988082709975,0.360260530731818
V,0.0160641656474871,0.0396825848289201,0.127853465684462,0.174885520065986,0.250177763872693,0.0125373304132655,0.192952017975483,0.258733183537643,0.199300321397082,0.340100685457493,0.145282857874229,0.376916294547627,0.432663045024034,0.351250035552775,0.315276316163713,0.369930885406297,0.467749367160613,0.358553997553969,0.35024886942177
T,0.022685514377542,0.074018032367246,0.0861457948178276,0.114542506897238,0.0283512045280014,0.0131744361329958,0.349748286356267,0.0159048892175545,0.229267044000114,0.500446542848204,0.412139139338434,0.459512500355528,0.378190505987087,0.184351090759123,0.216843482465372,0.471845046787451,0.466497909496857,0.206080946557069,0.315776899229216
S,0.0300349839301459,0.0839614323501806,0.133723939816263,0.267106572996957,0.170266503597941,0.0542905088313092,0.32908785801644,0.0475326374470264,0.252271111237521,0.3161864671919,0.610506555931625,0.50399613185813,0.464609346113371,0.314320657584118,0.274638072755198,0.4041525640661,0.433436673397992,0.276572143690094,0.265126994510652
D,0.0418214397451577,0.136954975966324,0.273955459484058,0.403333428140732,0.300190562871527,0.3704314684718,0.239233197758753,0.395824682158196,0.260257686509855,0.348906396655195,0.374800193407094,0.194522028499104,0.349930316561905,0.187422850479251,0.261418129070793,0.358872550413834,0.384356779203049,0.19977815068688,0.367382462527376
Q,0.0560197957848631,0.0158821354418499,0.142324867032623,0.156591484399443,0.10282431240934,0.0119684860206491,0.417304246423391,0.0190904178162064,0.369498563667909,0.513165903467107,0.474757530077647,0.451594186410308,0.43557552831423,0.36676811058335,0.447635029437697,0.323717966950141,0.391569726101425,0.515782587673142,0.461310048636196
N,0.0174066384140618,0.231792713103331,0.023413635200091,0.0690577092636309,0.0119912397963537,0.245695270058875,0.295412269973549,0.273887198156944,0.340715037401519,0.492869535538553,0.26458090389374,0.356665434170483,0.367223186097443,0.492915043089963,0.495918541482977,0.575852555533434,0.404243579168918,0.543428425154299,0.564225376148355
P,0.0446884154839444,0.116180778747974,0.231360391364942,0.246605421087062,0.142370374584033,0.483108165761256,0.185989362609858,0.321010267641287,0.2067180522768,0.305810745470577,0.191859836741659,0.463312380898205,0.259370289257374,0.204283398276401,0.364401717910066,0.309110042947752,0.693626098580733,0.370818282658779,0.290406439318524
E,0.148991723314087,0.275639238886203,0.228743707158907,0.336596603998976,0.562132028783526,0.394664239597258,0.627935948121391,0.392980460195114,0.363696350863221,0.393048721522228,0.695014078898717,0.426860832219346,0.511686908046304,0.326038852072016,0.343126937626212,0.400716743934697,0.592485565573537,0.250314286526921,0.41040985238488
G,0.0271680081913593,0.2394607355158,0.187491111806365,0.517648397280924,0.210290395062431,0.106237378765039,0.578150686879604,0.761318581302085,0.478784948377371,0.8,0.431411587360278,0.444972837680253,0.376552234136352,0.574942404505248,0.641975027731164,0.660951676668847,0.549571944594556,0.689098097215507,0.289428026963224
